[shared PCs],[shared PC ratio],[shared VCs],[shared VCRatio]
13008.0,0.5432676244570664,266557.0,0.713386859360364
