[shared PCs],[shared PC ratio],[shared VCs],[shared VCRatio]
5346.0,0.7234100135317997,32469.0,0.8565888405223585
