[shared PCs],[shared PC ratio],[shared VCs],[shared VCRatio]
9972.0,0.637107078967544,111579.0,0.7962818911685995
