[shared PCs],[shared PC ratio],[shared VCs],[shared VCRatio]
1912.0,0.8047138047138047,6470.0,0.900361814639577
