[shared PCs],[shared PC ratio],[shared VCs],[shared VCRatio]
8396.0,0.780369922855284,34719.0,0.7989276756333847
