[shared PCs],[shared PC ratio],[shared VCs],[shared VCRatio]
22288.0,0.5441539100075685,223021.0,0.5753836389717341
