[shared PCs],[shared PC ratio],[shared VCs],[shared VCRatio]
17039.0,0.666366836136097,109032.0,0.6907623397933389
