[shared PCs],[shared PC ratio],[shared VCs],[shared VCRatio]
43.0,0.22164948453608246,207.0,0.4321503131524008
