[shared PCs],[shared PC ratio],[shared VCs],[shared VCRatio]
78.0,0.18527315914489312,870.0,0.41586998087954113
