[shared PCs],[shared PC ratio],[shared VCs],[shared VCRatio]
8522.0,0.4245292418053203,51213.0,0.3898497328075758
