[shared PCs],[shared PC ratio],[shared VCs],[shared VCRatio]
5160.0,0.6974858069748581,17970.0,0.6623907995134358
