[shared PCs],[shared PC ratio],[shared VCs],[shared VCRatio]
62.0,0.13839285714285715,3704.0,0.3396607060981201
