[shared PCs],[shared PC ratio],[shared VCs],[shared VCRatio]
13008.0,0.5432676244570664,266563.0,0.7130346161356506
