[shared PCs],[shared PC ratio],[shared VCs],[shared VCRatio]
8392.0,0.5630325394163033,39175.0,0.5280147722830995
