[shared PCs],[shared PC ratio],[shared VCs],[shared VCRatio]
8522.0,0.4245292418053203,51201.0,0.38955080799780883
