[shared PCs],[shared PC ratio],[shared VCs],[shared VCRatio]
2.0,0.044444444444444446,17.0,0.05862068965517241
