[shared PCs],[shared PC ratio],[shared VCs],[shared VCRatio]
43.0,0.22164948453608246,206.0,0.4355179704016913
