[shared PCs],[shared PC ratio],[shared VCs],[shared VCRatio]
78.0,0.18527315914489312,867.0,0.4196515004840271
