[shared PCs],[shared PC ratio],[shared VCs],[shared VCRatio]
62.0,0.13839285714285715,3703.0,0.337618526622903
