[shared PCs],[shared PC ratio],[shared VCs],[shared VCRatio]
556.0,0.114426836797695,1312.0,0.14086321666308782
