[shared PCs],[shared PC ratio],[shared VCs],[shared VCRatio]
78.0,0.012108040981061783,237.0,0.015104199859792238
