[shared PCs],[shared PC ratio],[shared VCs],[shared VCRatio]
556.0,0.114426836797695,1281.0,0.1443705623802547
