[shared PCs],[shared PC ratio],[shared VCs],[shared VCRatio]
274.0,0.04157814871016692,727.0,0.05169226393629124
