[shared PCs],[shared PC ratio],[shared VCs],[shared VCRatio]
1905.0,0.811328790459966,4838.0,0.7803225806451612
