[shared PCs],[shared PC ratio],[shared VCs],[shared VCRatio]
8392.0,0.5630325394163033,39179.0,0.5284105469013419
