[shared PCs],[shared PC ratio],[shared VCs],[shared VCRatio]
274.0,0.04157814871016692,756.0,0.05129248931406473
