[shared PCs],[shared PC ratio],[shared VCs],[shared VCRatio]
612.0,0.2629995702621401,1138.0,0.31787709497206706
