[shared PCs],[shared PC ratio],[shared VCs],[shared VCRatio]
87.0,0.47282608695652173,115.0,0.4323308270676692
