[shared PCs],[shared PC ratio],[shared VCs],[shared VCRatio]
612.0,0.2629995702621401,1138.0,0.3222883035967148
