[shared PCs],[shared PC ratio],[shared VCs],[shared VCRatio]
78.0,0.012108040981061783,249.0,0.015926826148138673
