[shared PCs],[shared PC ratio],[shared VCs],[shared VCRatio]
2586.0,0.8807901907356949,7066.0,0.8937515810776625
