[shared PCs],[shared PC ratio],[shared VCs],[shared VCRatio]
408.0,0.8869565217391304,821.0,0.9382857142857143
