[shared PCs],[shared PC ratio],[shared VCs],[shared VCRatio]
87.0,0.47282608695652173,114.0,0.4351145038167939
