[shared PCs],[shared PC ratio],[shared VCs],[shared VCRatio]
29.0,0.11553784860557768,3639.0,0.27534806295399517
