[shared PCs],[shared PC ratio],[shared VCs],[shared VCRatio]
556.0,0.114426836797695,1293.0,0.1434594474647731
