[shared PCs],[shared PC ratio],[shared VCs],[shared VCRatio]
78.0,0.012108040981061783,230.0,0.01405782042662429
