[shared PCs],[shared PC ratio],[shared VCs],[shared VCRatio]
274.0,0.04157814871016692,729.0,0.0503905439966821
