[shared PCs],[shared PC ratio],[shared VCs],[shared VCRatio]
86.0,0.15985130111524162,2265.0,0.3858603066439523
